{
  "feature_names": [
    "global_active_power",
    "global_reactive_power",
    "sub_metering_1",
    "sub_metering_2",
    "sub_metering_3",
    "sub_metering_remainder",
    "voltage",
    "global_intensity",
    "RR",
    "NBJRR1",
    "NBJRR5",
    "NBJRR10",
    "NBJBROU"
  ],
  "mean": [
    1561.1513671875,
    174.49957275390625,
    1646.1820068359375,
    1961.9384765625,
    8731.9482421875,
    13679.1220703125,
    240.4757080078125,
    4.608799457550049,
    5.178191661834717,
    9.248015403747559,
    3.471461772918701,
    1.2652281522750854,
    1.5190476179122925
  ],
  "scale": [
    644.3711547851562,
    50.34701156616211,
    1632.8363037109375,
    2152.276611328125,
    3569.541748046875,
    6794.0205078125,
    2.086041212081909,
    1.8552172183990479,
    2.684112071990967,
    3.624683141708374,
    1.849687933921814,
    1.1286169290542603,
    0.41233307123184204
  ]
}