{
  "feature_names": [
    "global_active_power",
    "global_reactive_power",
    "sub_metering_1",
    "sub_metering_2",
    "sub_metering_3",
    "sub_metering_remainder",
    "voltage",
    "global_intensity",
    "RR",
    "NBJRR1",
    "NBJRR5",
    "NBJRR10",
    "NBJBROU"
  ],
  "mean": [
    1561.1513671875,
    174.49957275390625,
    1646.1820068359375,
    1961.9384765625,
    8731.9482421875,
    13679.1220703125,
    240.4757080078125,
    4.608799457550049,
    5.544313430786133,
    8.263059616088867,
    3.3821113109588623,
    1.6261317729949951,
    0.16134293377399445
  ],
  "scale": [
    644.3711547851562,
    50.34701156616211,
    1632.8363037109375,
    2152.276611328125,
    3569.541748046875,
    6794.0205078125,
    2.086041212081909,
    1.8552172183990479,
    3.7134172916412354,
    3.5645334720611572,
    1.8815213441848755,
    1.2570428848266602,
    0.3579764664173126
  ]
}